class,f1
0.000000000000000000e+00,8.000000000000000444e-01
1.000000000000000000e+00,9.677419354838709964e-01
2.000000000000000000e+00,9.677419354838709964e-01
3.000000000000000000e+00,7.500000000000000000e-01
4.000000000000000000e+00,3.636363636363636465e-01
5.000000000000000000e+00,7.272727272727272929e-01
6.000000000000000000e+00,9.032258064516128782e-01
7.000000000000000000e+00,9.333333333333333481e-01
